Policy_Split,n_valid,hallucinated,hallucination_rate,avg_severity,hallucination_rate_pct
back200_07_08,1000,251,0.251,1.757,25.1
front600_01_06,3000,2221,0.7403333333333333,3.5156666666666667,74.03333333333333
