Policy_Split,n_valid,hallucinated,hallucination_rate,avg_severity,hallucination_rate_pct
back200_07_08,1000,14,0.014,1.049,1.4000000000000001
front600_01_06,3000,123,0.041,1.1576666666666666,4.1000000000000005
