Policy_Split,n_valid,hallucinated,hallucination_rate,avg_severity,hallucination_rate_pct
back200_07_08,1000,59,0.059,1.231,5.8999999999999995
front600_01_06,3000,224,0.07466666666666667,1.3073333333333332,7.466666666666668
