Policy_Split,n_valid,hallucinated,hallucination_rate,avg_severity,hallucination_rate_pct
back200_07_08,1000,198,0.198,1.611,19.8
front600_01_06,3000,1834,0.6113333333333333,3.079,61.133333333333326
