Policy_Split,n_valid,hallucinated,hallucination_rate,avg_severity,hallucination_rate_pct
back200_07_08,1000,78,0.078,1.244,7.8
front600_01_06,3000,1898,0.6326666666666667,3.0793333333333335,63.26666666666667
