Policy_Split,n_valid,hallucinated,hallucination_rate,avg_severity,hallucination_rate_pct
back200_07_08,1000,42.0,0.042,1.13,4.2
front600_01_06,2999,1325.0,0.44181393797932644,2.644548182727576,44.18139379793264
