Policy_Split,n_valid,hallucinated,hallucination_rate,avg_severity,hallucination_rate_pct
back200_07_08,1000,172,0.172,1.42,17.2
front600_01_06,3000,1709,0.5696666666666667,2.970666666666667,56.96666666666667
