Policy_Split,n_valid,hallucinated,hallucination_rate,avg_severity,hallucination_rate_pct
back200_07_08,1000,77,0.077,1.24,7.7
front600_01_06,3000,1672,0.5573333333333333,2.9423333333333335,55.733333333333334
